DOCNO,round_number,query_id,author_id,query,TEXT,QREL,KSREL,POS,DELTA,DELTA_2,DELTA_3
ROUND-1-193-DUMMY_1,1,193,DUMMY_1,dog clean bags,"You can purchase dog waste bags online. Are there any low cost options? There are plenty of low cost alternatives to dog waste bags. Dog owners could use old newspapers, spare plastic bags, nappy sacks, or use a pooper-scooper and throw waste directly into the dog waste bin. I have seen bins with a picture of a dog on them. What does this mean? dog The council is installing new bins which allow for both refuse and dog waste. So when you see this dog on a bin, it means you can put your doggy bag in it. The new multi-use bins will be dotted around Ashford and the town centre, making it easier for dog owners to clean up after their pets and help keep the borough looking clean.",1,3,4,0,0,0
ROUND-1-193-BOT,1,193,BOT,dog clean bags,"Dog waste bags are useally made of plastic, nylon or even Consumable material and used for cleaning after your dogs waste.  You can purchase dog waste bags online or at the nearest groccery store to your home.
If you wish to save money, there are plenty of  alternatives to dog waste bags. Dog owners could use old newspapers, spare plastic bags, nappy sacks, or use a pooper-scooper and throw waste directly into the dog waste bin. These bins with a dog picture on it in can be found in almost every dog's park.
So when you see this dog on a bin, it means you can put your doggy bag in it.
These bins that are spreaded in the dog's park, make it easier for dog owners to clean up after their pets and help keeping the environment cleaner.",3,1,2,0,0,0
ROUND-1-193-DUMMY_2,1,193,DUMMY_2,dog clean bags,"You can purchase dog waste bags online. Nonetheless, There are plenty of low cost alternatives to dog waste bags. Dog owners could use old newspapers, spare plastic bags, nappy sacks, or use a pooper-scooper and throw waste directly into the dog waste bin. The council is installing new bins which allow for both refuse and dog waste. So when you see this dog on a bin, it means you can put your doggy bag in it. The new multi-use bins will be dotted around Ashford and the town centre, making it easier for dog owners to clean up after their pets and help keep the borough looking clean.",0,3,3,0,0,0
ROUND-1-193-KP5G43,1,193,KP5G43,dog clean bags,"Cleaning up after your dog is one of the less pleasant parts of life as a pet owner, but it has to be done nevertheless. 
Pet Mountain's Dog Poop Cleaning Supplies store features top quality products at low, low prices from the most trusted names in sanitary dog care and cleanup, including Bags on Board, Nature's Miracle, PetZone and more. Dog Poop Pickup Bag Dispensers make it easy to carry your pickup bags with you wherever you go! And our huge selection of Dog Poop Pickup Bags has the bag you need to get that poop cleaned up quickly and cleanly. And of course, sometimes you just need a good old-fashioned Dog Poop Scoops or Rake. These ergonomic scoops and rakes are designed to make it extremely easy for you to remove waste from the lawn, sandbox, garden and more.",3,0,1,0,0,0
ROUND-1-193-CZFMFV,1,193,CZFMFV,dog clean bags,"Your Online Discount Dog Poop Cleanup Bags Store:
Pet Mountain carries thousands of quality pet products at low, low prices. Feel free to browse through any of our specialized stores to find the exact item you need!
Pet Mountain products are guaranteed to meet your satisfaction. We do everything we can to work with our manufacturers to ensure that you get the quality you expect, the service you deserve and the best prices in the industry. At Pet Mountain, we buy in bulk and develop programs with our network of suppliers that focus on giving you more for your money. Like you, we care about our pets. Its all about giving our dogs, cats, birds and other pets a good life!",3,3,5,0,0,0
ROUND-2-193-DUMMY_1,2,193,DUMMY_1,dog clean bags,"You can purchase dog waste bags online.But, are there any low cost options to replace the expansive dog waste bags? There are plenty of low cost alternatives to dog waste bags. Dog owners could use spare plastic bags, nappy sacks, or use a pooper-scooper and throw the dog waste directly into the dog waste bin. I have seen bins with a picture of a dog on them. What does this mean? The council is installing new bins which allow for both refuse and dog waste, so after your dog finished his doggy business, clean it and when you see this dog on a bin, it means you can put your doggy bag in it. The new multi-use bins will be dotted around Ashford and the town centre, making it easier for dog owners to clean up after their pets and help keep the borough looking clean.",1,3,2,2,0,0
ROUND-2-193-BOT,2,193,BOT,dog clean bags,"Dog waste bags are useally made of plastic, nylon or even Consumable material and used for cleaning after your dogs waste.  You can purchase dog waste bags online or at the nearest groccery store to your home.
If you wish to save money, there are plenty of  alternatives to dog waste bags. Dog owners could use old newspapers, spare plastic bags, nappy sacks, or use a pooper-scooper and throw waste directly into the dog waste bin. These bins with a dog picture on it in can be found in almost every dog's park.
And our huge selection of Dog Poop Pickup Bags has the bag you need to get that poop cleaned up quickly and cleanly.
These bins that are spreaded in the dog's park, make it easier for dog owners to clean up after their pets and help keeping the environment cleaner.",1,1,4,-2,0,0
ROUND-2-193-DUMMY_2,2,193,DUMMY_2,dog clean bags,"There are many options for purchasing dog waste bags online. However, if you are a dog owner and looking for a cheap alternative, you could use old newspapers, spare plastic bags, nappy sacks, or use a pooper-scooper and throw waste directly into the dog waste bins. The council is installing new bins which allow for both refuse and dog waste. So when you see a bin with a picture of a dog on it, it means you can put your doggy bag in it. The new multi-use bins will be dotted around Ashford and the town centre, making it easier for dog owners to clean up after their pets and help keep the borough looking clean.",3,3,3,0,0,0
ROUND-2-193-KP5G43,2,193,KP5G43,dog clean bags,"Cleaning up after your dog is one of the less pleasant parts of life as a pet owner, but it has to be done nevertheless. 
Pet Mountain's Dog Poop Cleaning Supplies store features top quality products at low, low prices from the most trusted names in sanitary dog care and cleanup, including Bags on Board, Nature's Miracle, PetZone and more. Dog Poop Pickup Bag Dispensers make it easy to carry your pickup bags with you wherever you go! And our huge selection of Dog Poop Pickup Bags has the bag you need to get that poop cleaned up quickly and cleanly. And of course, sometimes you just need a good old-fashioned Dog Poop Scoops or Rake. These ergonomic scoops and rakes are designed to make it extremely easy for you to remove waste from the lawn, sandbox, garden and more.",3,0,1,0,0,0
ROUND-2-193-CZFMFV,2,193,CZFMFV,dog clean bags,"Your Online Discount Dog Poop Cleanup Bags Store:
Pet Mountain carries thousands of quality pet products at low, low prices. Feel free to browse through any of our specialized stores to find the exact item you need!
Pet Mountain products are guaranteed to meet your satisfaction. We do everything we can to work with our manufacturers to ensure that you get the quality you expect, the service you deserve and the best prices in the industry. At Pet Mountain, we buy in bulk and develop programs with our network of suppliers that focus on giving you more for your money. Like you, we care about our pets. Its all about giving our dogs, cats, birds and other pets a good life!",3,3,5,0,0,0
ROUND-3-193-DUMMY_1,3,193,DUMMY_1,dog clean bags,A council is fining dog walkers £100 if they leave the house without a bag to clean up after their pet - regardless of whether the dog does its business or not. Even the overwhelming majority of dog owners do pick up their dog's mess in a bag.,3,0,5,-3,-1,0
ROUND-3-193-BOT,3,193,BOT,dog clean bags,"Dog waste bags are useally made of plastic, nylon or even Consumable material and used for cleaning after your dogs waste.  You can purchase dog waste bags online or at the nearest groccery store to your home.
If you wish to save money, there are plenty of  alternatives to dog waste bags. Dog owners could use old newspapers, spare plastic bags, nappy sacks, or use a pooper-scooper and throw waste directly into the dog waste bin. And our huge selection of Dog Poop Pickup Bags has the bag you need to get that poop cleaned up quickly and cleanly.
And our huge selection of Dog Poop Pickup Bags has the bag you need to get that poop cleaned up quickly and cleanly.
These bins that are spreaded in the dog's park, make it easier for dog owners to clean up after their pets and help keeping the environment cleaner.",0,2,2,2,0,0
ROUND-3-193-DUMMY_2,3,193,DUMMY_2,dog clean bags,"There are many options for purchasing dog waste bags online. However, if you are a dog owner and looking for a cheap alternative, you could use old newspapers, spare plastic bags, nappy sacks, or use a pooper-scooper and throw waste directly into the dog waste bins. The council is installing new bins which allow for both refuse and dog waste. So when you see a bin with a picture of a dog on it, it means you can put your doggy bag in it. The new multi-use bins will be dotted around Ashford and the town centre, making it easier for dog owners to clean up after their pets and help keep the borough looking clean.",3,3,3,0,0,0
ROUND-3-193-KP5G43,3,193,KP5G43,dog clean bags,"Cleaning up after your dog is one of the less pleasant parts of life as a pet owner, but it has to be done nevertheless. 
Pet Mountain's Dog Poop Cleaning Supplies store features top quality products at low, low prices from the most trusted names in sanitary dog care and cleanup, including Bags on Board, Nature's Miracle, PetZone and more. Dog Poop Pickup Bag Dispensers make it easy to carry your pickup bags with you wherever you go! And our huge selection of Dog Poop Pickup Bags has the bag you need to get that poop cleaned up quickly and cleanly. And of course, sometimes you just need a good old-fashioned Dog Poop Scoops or Rake. These ergonomic scoops and rakes are designed to make it extremely easy for you to remove waste from the lawn, sandbox, garden and more.",3,0,1,0,0,0
ROUND-3-193-CZFMFV,3,193,CZFMFV,dog clean bags,"Your Online Discount Dog Poop Cleanup Bags Store:
Pet Mountain carries thousands of quality pet products at low, low prices. Feel free to browse through any of our specialized stores to find the exact item you need!
Pet Mountain products are guaranteed to meet your satisfaction. We do everything we can to work with our manufacturers to ensure that you get the quality you expect, the service you deserve and the best prices in the industry. At Pet Mountain, we buy in bulk and develop programs with our network of suppliers that focus on giving you more for your money. Like you, we care about our pets. Its all about giving our dogs, cats, birds and other pets a good life!",3,3,4,1,1,0
ROUND-4-193-DUMMY_1,4,193,DUMMY_1,dog clean bags,"Strong quality pet waste bags. Very easy to open, each bag is marked at perforation for easy separation, no fumbling for where to tear the next bag. Guaranteed to be Leak-proof. Bags are Long and wide for easy pick up. Size: 12 1/2"" L x 8 1/2"" W. Each bag is carefully marked with the Downtown Pet Supply Trademark, the mark of the best bags on the market today.",1,1,5,0,-3,-1
ROUND-4-193-BOT,4,193,BOT,dog clean bags,"Dog waste bags are useally made of plastic, nylon or even Consumable material and used for cleaning after your dogs waste.  You can purchase dog waste bags online or at the nearest groccery store to your home.
If you wish to save money, there are plenty of  alternatives to dog waste bags. Dog owners could use old newspapers, spare plastic bags, nappy sacks, or use a pooper-scooper and throw waste directly into the dog waste bin. And our huge selection of Dog Poop Pickup Bags has the bag you need to get that poop cleaned up quickly and cleanly.
And our huge selection of Dog Poop Pickup Bags has the bag you need to get that poop cleaned up quickly and cleanly.
And our huge selection of Dog Poop Pickup Bags has the bag you need to get that poop cleaned up quickly and cleanly.",0,2,2,0,2,0
ROUND-4-193-DUMMY_2,4,193,DUMMY_2,dog clean bags,"You are looking for buying bags for cleaning after your dog. Did you know that in some states you can get a fine if you don't clean after it? So don't get lazy! pick up your dog's waste using a plastic bag, newspaper or a pooper-scooper you can purchase online and throw it away. You will avoid the fines and help keep your surrounding clean and tidy.",1,2,3,0,0,0
ROUND-4-193-KP5G43,4,193,KP5G43,dog clean bags,"Cleaning up after your dog is one of the less pleasant parts of life as a pet owner, but it has to be done nevertheless. 
Pet Mountain's Dog Poop Cleaning Supplies store features top quality products at low, low prices from the most trusted names in sanitary dog care and cleanup, including Bags on Board, Nature's Miracle, PetZone and more. Dog Poop Pickup Bag Dispensers make it easy to carry your pickup bags with you wherever you go! And our huge selection of Dog Poop Pickup Bags has the bag you need to get that poop cleaned up quickly and cleanly. And of course, sometimes you just need a good old-fashioned Dog Poop Scoops or Rake. These ergonomic scoops and rakes are designed to make it extremely easy for you to remove waste from the lawn, sandbox, garden and more.",3,0,1,0,0,0
ROUND-4-193-CZFMFV,4,193,CZFMFV,dog clean bags,"Your Online Discount Dog Poop Cleanup Bags Store:
Pet Mountain carries thousands of quality pet products at low, low prices. Feel free to browse through any of our specialized stores to find the exact item you need!
Pet Mountain products are guaranteed to meet your satisfaction. We do everything we can to work with our manufacturers to ensure that you get the quality you expect, the service you deserve and the best prices in the industry. At Pet Mountain, we buy in bulk and develop programs with our network of suppliers that focus on giving you more for your money. Like you, we care about our pets. Its all about giving our dogs, cats, birds and other pets a good life!",3,3,4,0,1,1
ROUND-1-180-8RUXW7,1,180,8RUXW7,newyork hotels,"Here are some of the best website to visit when you are searching for a hotel in New York city: 
For great savings on hotels in New York. Good availability and great rates. Read hotel reviews and choose the best hotel deal for your staying at https://www.booking.com/city/us/new-york.html
Find The Best Value of 757 places to stay in New York City. Free Wifi. Restaurant and more at https://www.tripadvisor.com/Hotels-g60763-New_York_City_New_York-Hotels.html
For the best price guarantee on New York hotels. Choose from 1032 hotels in New York using real hotel reviews. Book now and save at https://www.hotels.com/de1506246/hotels-new-york-new-york/ 
New York is known for its theater scene, entertainment choices, and art galleries.Book hotels and other at https://www.expedia.com/New-York-Hotels.d178293.Travel-Guide-Hotels",2,3,3,0,0,0
ROUND-1-180-DUMMY_1,1,180,DUMMY_1,newyork hotels,"Commonly referred to as ""The Most Famous Arena in the World,"" Madison Square Garden (MSG) is the home of the New York Knicks, newyork Rangers, and some of the best concerts in newyork city. To find the cheapest budget hotels newyork near MSG, check out the great newyork city hotels values below. Hampton Inn Madison Square Garden hotel: The Hampton Inn newyork city near MSG is just a short walk from MSG, and is surrounded by some of the best bars in newyork city. Grab a pint before the game, and enjoy close access to your newyork hotel at the Hampton Inn MSG. Holiday Inn Express MSG hotel: This budget hotel newyork city near MSG offers a complimentary weeknight social hour, and is just across the street from historic Penn Station.",0,3,2,0,0,0
ROUND-1-180-BOT,1,180,BOT,newyork hotels,"Commonly referred to as ""The Most Famous Arena in the World,"" Madison Square Garden is the home of the New York Knicks, NY Rangers, and some of the best concerts in NYC. To find the cheapest budget hotels NY near MSG, check out the great NYC hotel values below.
    Hampton Inn Madison Square Garden: The Hampton Inn NYC near MSG is just a short walk from Madison Square Garden, and is surrounded by some of the best bars in NYC. Grab a pint before the game, and enjoy close access to your NY hotel ar the Hampton Inn MSG.
    Holiday Inn Express MSG: This budget hotel NYC near Madison Square Garden offers a complimentary weeknight social hour, and is just across the street from historic Penn Station.",2,3,5,0,0,0
ROUND-1-180-DUMMY_2,1,180,DUMMY_2,newyork hotels,"Commonly referred to as ""The Most Famous Arena in the World"" Madison Square Garden is the home of the New York Knicks, NY Rangers, and some of the best concerts in NYC. To find the cheapest budget hotels NY near MSG, check out the great NYC hotel values below.
Hampton Inn Madison Square Garden (0.6km from MSG): The Hampton Inn NYC near MSG is just a short walk from Madison Square Garden, and is surrounded by some of the best bars in NYC. 97$ on Booking.com.
Holiday Inn Express MSG (0.6km from MSG): This budget hotel NYC Just 2 blocks from Madison Square Garden offers a complimentary weeknight social hour, and is just across the street from historic Penn Station. 93$ on Booking.com.",0,3,4,0,0,0
ROUND-1-180-6LWZ77,1,180,6LWZ77,newyork hotels,"Chic, urban, and in the heart of it all, the Pod Hotels are right where you want to be in New York City.
Pod 39, Pod 51 and our new location PodTime square are close to all of the action, but just far enough away - and above - the hustle and bustle. 
Our Pods are all a short walk or subway ride away from every major site in NewYork, Times Square,  the Empire State Building, Fifth Avenue, Central Park, Grand Central Terminal, Rockefeller Center, and much more.
Once you step out of our doors, eat, drink, and play options are endless and are limited only by your imagination.",2,2,1,0,0,0
ROUND-2-180-8RUXW7,2,180,8RUXW7,newyork hotels,"THE MIDTOWN NEW YORK CITY HOTEL - CENTRAL TO NEW YORK'S BEST Midtown convenience. 
Classic hospitality. Complete comfort. Whether visiting New York for business or pleasure, you'll be comfortable here at the Park Central Hotel New York - located squarely amidst New York's most popular sights and hotels in Midtown Manhattan. Our mix of exciting amenities pay homage to our glamorous past, while presenting a modern spin on the hotel's electrifying environment. Guests will delight in escaping the hectic city life to bask in the stylish Park Central New York.
Another great hotel is The Pearl New York: Located in Times Square, The Pearl New York is a 15 minute walk from Central Park and 2 blocks from the Rockefeller Center. 
Paramount Times Square: Set amid Broadway theaters, this stylish newyork hotel is a half-block from Times Square. Head to nearby Central Park, and the Museum of Modern Art.",0,0,3,0,0,0
ROUND-2-180-DUMMY_1,2,180,DUMMY_1,newyork hotels,"New York city is the most populous city in the U.S, the center of New York metropolitan area and one of the most attractive cities in the world, with many tourist attractions, restaurants and hotels. These facts bring many people to visit NYC every day. Every region and each one of the five boroughs of NYC contain many hotels and you just need to choose one. If you wish to spend your time in Manhattan, there are many hotels, with range of prices. You can spend your time in a very expensive hotel such as Park Central New York, which located only one minute from the central park, or you can choose an inexpensive one, such as TRYP which located less than one km from the time square. Anyway, New York City is a perfect place to visit and there are many good hotels, so you will find one!",3,2,5,-3,0,0
ROUND-2-180-BOT,2,180,BOT,newyork hotels,"Commonly referred to as ""The Most Famous Arena in the World,"" Madison Square Garden is the home of the New York Knicks, NY Rangers, and some of the best concerts in NYC. To find the cheapest budget hotels NY near MSG, check out the great NYC hotel values below.
    Hampton Inn Madison Square Garden: The Hampton Inn NYC near MSG is just a short walk from Madison Square Garden, and is surrounded by some of the best bars in NYC. Grab a pint before the game, and enjoy close access to your NY hotel ar the Hampton Inn MSG.
    To find the cheapest budget hotels newyork near MSG, check out the great newyork city hotels values below.",0,3,2,3,0,0
ROUND-2-180-DUMMY_2,2,180,DUMMY_2,newyork hotels,"New York City the largest city in the U.S. also known as ""The Big Apple"", is an architectural marvel with plenty of historic monuments, magnificent buildings and dazzling skyscrapers. Here are several hotels near NYC's landmarks. Hampton Inn Manhattan Located one block from the Empire State Building, just 10-minute walk from Central Park, Times Square and other Manhattan attractions and some of the best bars in NYC. The Waldorf-Astoria, a 5-star luxury hotel on Park Avenue near Broadway and Central Park. Holiday Inn Express MSG, near Madison Square Garden, Within 8 minutes' walk of Times Square and the Empire State Building and just across the street from historic Penn Station. Hilton Garden Inn NYC on Midtown Park Avenue Located 5-minute walk from the Empire State Building. The Plaza on Fifth Avenue best for shopping. The historic Warwick Hotel near The Museum of Modern Art (MoMa).",2,1,4,0,0,0
ROUND-2-180-6LWZ77,2,180,6LWZ77,newyork hotels,"Chic, urban, and in the heart of it all, the Pod Hotels are right where you want to be in New York City.
Pod 39, Pod 51 and our new location PodTime square are close to all of the action, but just far enough away - and above - the hustle and bustle. 
Our Pods are all a short walk or subway ride away from every major site in NewYork, Times Square,  the Empire State Building, Fifth Avenue, Central Park, Grand Central Terminal, Rockefeller Center, and much, much more.
Once you step out of our doors, eat, drink, and play options are endless and are limited only by your imagination.",3,2,1,0,0,0
ROUND-3-180-8RUXW7,3,180,8RUXW7,newyork hotels,"The Pod Hotels are right in New York City just a short walk from every major site in NewYork, Times Square, the Empire State Building, Fifth Avenue, Central Park, and much more. 
The Midtown New York City Hotel - Whether visiting New York for business or pleasure, you'll be comfortable here at the Park Central Hotel NewYork located squarely amidst New York's most popular sights and hotels in Midtown Manhattan.
The Pearl New York is a 15 minute walk from Central Park. Paramount Times Square: Set amid Broadway theaters, this stylish newyork hotel is a half-block from Times Square. 
Hampton Inn Madison Square Garden: The Hampton Inn NYC near MSG is just a short walk from Madison Square Garden, and is surrounded by some of the best bars in NYC.
To find the cheapest budget hotels newyork, check out our great newyork city hotels.",2,3,2,1,1,0
ROUND-3-180-DUMMY_1,3,180,DUMMY_1,newyork hotels,"New York City is the most populous city in the U.S, the center of New York metropolitan area and one of the most attractive cities in the world. There are many hotels in New York City, with range of prices. You can spend your time in a very expensive hotel such as Park Central New York, which located only one minute from the central park, or you can choose an inexpensive one, such as TRYP which located less than one km from the time square. You can also try La Quinta Inn  and amp; Suites Manhattan which is 3 stars hotel, but in a perfect location in NYC. If you don’t want to spend a lot of money, but to get a better hotel, choose the Crowne Plaza Times Square hotel. I recommend you to use one of the New York hotels websites to get the best hotel for you.",0,2,4,1,-2,0
ROUND-3-180-BOT,3,180,BOT,newyork hotels,"Commonly referred to as ""The Most Famous Arena in the World,"" Madison Square Garden is the home of the New York Knicks, NY Rangers, and some of the best concerts in NYC. Chic, urban, and in the heart of it all, the Pod Hotels are right where you want to be in New York City.
    Hampton Inn Madison Square Garden: The Hampton Inn NYC near MSG is just a short walk from Madison Square Garden, and is surrounded by some of the best bars in NYC. Grab a pint before the game, and enjoy close access to your NY hotel ar the Hampton Inn MSG.
    To find the cheapest budget hotels newyork near MSG, check out the great newyork city hotels values below.",1,1,1,1,4,0
ROUND-3-180-DUMMY_2,3,180,DUMMY_2,newyork hotels,"New York City the largest city in the U.S. also known as ""The Big Apple"", is an architectural marvel with plenty of historic monuments, magnificent buildings and dazzling skyscrapers. Here are several hotels near NYC's landmarks. Hampton Inn Manhattan Located one block from the Empire State Building, just 10-minute walk from Central Park, Times Square and other Manhattan attractions and some of the best bars in NYC. The Waldorf-Astoria, a 5-star luxury hotel on Park Avenue near Broadway and Central Park. Holiday Inn Express MSG, near Madison Square Garden, Within 8 minutes' walk of Times Square and the Empire State Building and just across the street from historic Penn Station. Hilton Garden Inn NYC on Midtown Park Avenue Located 5-minute walk from the Empire State Building. The Plaza on Fifth Avenue best for shopping. The historic Warwick Hotel near The Museum of Modern Art (MoMa).",2,1,5,-1,-1,0
ROUND-3-180-6LWZ77,3,180,6LWZ77,newyork hotels,"Chic, urban, and in the heart of it all, the Pod Hotels are right where you want to be in New York City.
Pod 39, Pod 51 and our new location PodTime square are close to all of the action, but just far enough away - and above - the hustle and bustle. 
Our Pods are all a short walk or subway ride away from every major site in NewYork, Times Square,  the Empire State Building, Fifth Avenue, Central Park, Grand Central Terminal, Rockefeller Center, and much more.
Once you step out of our doors, eat, drink, and play options are endless and are limited only by your imagination.",1,2,3,-2,-2,0
ROUND-4-180-8RUXW7,4,180,8RUXW7,newyork hotels,"Hampton Inn Madison Square Garden: The Hampton Inn NYC near MSG is just a short walk from Madison Square Garden the home of the NewYork Knicks, NY Rangers, some of the best concerts in NYC and surrounded by some of the best bars in NYC . 
The Pod Hotels are right in New York City just a short walk from every major site in NewYork, Times Square, the Empire State Building, Fifth Avenue, Central Park, and much more. 
The Midtown New York City Hotel - Whether visiting New York for business or pleasure, you'll be comfortable here at the Park Central Hotel NewYork located squarely amidst New York's most popular sights and hotels in Midtown Manhattan. 
The Pearl New York is a 15 minute walk from Central Park, this stylish newyork hotel is a half-block from Times Square. 
To find the cheapest budget hotels newyork, check out our great newyork city hotels.",0,3,1,1,2,2
ROUND-4-180-DUMMY_1,4,180,DUMMY_1,newyork hotels,"There are many hotels in New York City, with range of prices. You can spend your time in a very expensive hotel such as Park Central New York hotel, which located only one minute from the central park, or you can choose an inexpensive one, such as TRYP hotel which located less than one km from the time square. You can also try La Quinta Inn  and amp; Suites Manhattan hotel which is 3 stars hotel, but in a perfect location in New York City. If you don’t want to spend a lot of money, but to get a better hotel, choose the Crowne Plaza Times Square hotel.",2,3,4,0,1,-2
ROUND-4-180-BOT,4,180,BOT,newyork hotels,"Commonly referred to as ""The Most Famous Arena in the World,"" Madison Square Garden is the home of the New York Knicks, NY Rangers, and some of the best concerts in NYC. Chic, urban, and in the heart of it all, the Pod Hotels are right where you want to be in New York City.
    Hampton Inn Madison Square Garden: The Hampton Inn NYC near MSG is just a short walk from Madison Square Garden, and is surrounded by some of the best bars in NYC. Grab a pint before the game, and enjoy close access to your NY hotel ar the Hampton Inn MSG.
    To find the cheapest budget hotels newyork near MSG, check out the great newyork city hotels values below.",1,1,2,-1,0,3
ROUND-4-180-DUMMY_2,4,180,DUMMY_2,newyork hotels,"New York is the largest city in the U.S. an architectural marvel with plenty of historic monuments, magnificent buildings and dazzling skyscrapers.
The 5 Best Hotels in ""The Big Apple""
[1] EVEN Hotel Times Square South
[2] Chelsea Pines Inn
[3] Casablanca Hotel Times Square
[4] The Sherry-Netherland Hotel
[5] 414 Hotel

The 5 Best Cheap Hotels in New York City (low cost):
[1] Park South Hotel
[2] Hampton Inn Manhattan-Seaport-Financial District
[3] Broadway at Times Square Hotel
[4] Hampton Inn Manhattan-SoHo
[5] BEST WESTERN PLUS Seaport Inn Downtown

Best 5 Luxury Hotels in NYC, Manhattan:
[1] The Plaza
[2] The Greenwich Hotel - TriBeCa
[3] Four Seasons - Midtown East
[4] The Pierre - A Taj Hotel - Upper East Side
[5] Trump SoHo

Top 5 NYC Boutique Hotels:
[1] Crosby Street Hotel
[2] Library Hotel
[3] Langham Place, Fifth Avenue
[4] The Greenwich Hotel
[5] Lowell Hotel",2,1,5,0,-1,-1
ROUND-4-180-6LWZ77,4,180,6LWZ77,newyork hotels,"Chic, urban, and in the heart of it all, the NewYork Pod Hotels have it all!
Pod 39, Pod 51 and our new location PodTime square are close to all of the action, but just far enough away - and above - the hustle and bustle. 
Our Pods are all a short walk or subway ride away from every major site in NewYork, Times Square,  the Empire State Building, Fifth Avenue, Central Park, Grand Central Terminal, Rockefeller Center, and much more.
Once you step out of our doors, eat, drink, and play options are endless and are limited only by your imagination.",2,1,3,0,-2,-2
ROUND-1-182-ZQ22RB,1,182,ZQ22RB,quit smoking,"Not sure how to quit smoking cigarettes? Try one of these 20+ ways to stop smoking and start your path towards a healthier, smoke-free life.
Make an honest list of all the things you like about smoking.
Draw a line down the center of a piece of paper and write them on one side; on the other side make a list of all the things you dislike, such as how it can interfere with your health, work, family, etc., suggests Daniel Z. Lieberman, M.D., director of the Clinical Psychiatric Research Center at George Washington University Medical Center in Washington, D.C. Think about the list over time, and make changes. If you are brave enough, get feedback from family and friends about things they donate like about your use of cigarettes. When the negative side outweighs the positive side, you are ready to quit.",3,3,4,0,0,0
ROUND-1-182-DUMMY_1,1,182,DUMMY_1,quit smoking,"Smoking cessation [stopping smoking] represents the single most important step that smokers can take to enhance the length and quality of their lives.
Quitting smoking is difficult, but not impossible. If you'd like to give up smoking, but don't know where to begin, create a structured plan.
The following steps will help you to create your own customized quit plan:
Pick a Quit Date.
Let Loved Ones Know You Are Quitting.
Remove Reminders of Smoking such as cigarettes and matches.
Identify Your Reasons to Quit Smoking - bad smell, cancer, health problems, etc.
So just try it and start your path towards a healthier, smoke-free life!",0,3,2,0,0,0
ROUND-1-182-DUMMY_2,1,182,DUMMY_2,quit smoking,"Want to quit smoking? Quitting smoking is not easy, but possible. Not sure how to quit smoking cigarettes? Try one of these 20+ ways to quit smoking and start your path towards a healthier, smoke-free life. Make an honest list of all the things you like about smoking and write them on one side; on the other side make a list of all the things you dislike about smoking, such as how smoking can interfere with your health, work, family, etc.. If you are brave enough, get feedback from family and friends about things they donate like about your use of cigarettes. When the negative side outweighs the positive side, you are ready to quit.",0,3,5,0,0,0
ROUND-1-182-BOT,1,182,BOT,quit smoking,"Not sure how to quit smoking cigarettes? Try our guide of 20+ ways to stop smoking and start your path towards a healthier, smoke-free life.
Make an honest list of all the things you like about smoking. Draw a line down the center of a piece of paper and write them on one side; on the other side make a list of all the things you dislike, such as how it can interfere with your health, work, family, etc., suggests Daniel Z. Lieberman, M.D., director of the lung cancer Research Center at George Washington University in Washington, D.C.
Think about the list over time, and make changes. If you are brave enough, get feedback from family and friends about things they dont like about your use of cigarettes. When the negative side outweighs the positive side, you are ready to quit and be a non-smoker, again. :)",3,3,3,0,0,0
ROUND-1-182-0KKNZV,1,182,0KKNZV,quit smoking,"Smoking cessation is the process of discontinuing tobacco smoking, which is addictive. Nicotine withdrawal makes the process of quitting often very prolonged and difficult stopping smoking represents the single most important step that smokers can take to enhance the length and quality of their lives and stay none-smokers. Quitting smoking is difficult taking a break from a daily Cigarettes usage is tough, but not impossible. If you'd like to give up smoking, but don't know where to begin, create a structured plan. The following steps will help you to create your own customized quit plan: Pick a Quit Date. Let Loved Ones Know You Are Quitting. Remove Reminders of Smoking such as cigarettes and matches. Identify Your Reasons to Quit Smoking - bad smell, cancer, health problems, etc. So just try it and start your path towards a healthier, smoke-free life",2,3,1,0,0,0
ROUND-2-182-ZQ22RB,2,182,ZQ22RB,quit smoking,"Not sure how to quit smoking cigarettes? Try one of these 20+ ways to stop smoking and start your path towards a healthier, smoke-free life.
Make an honest list of all the things you like about smoking.
Draw a line down the center of a piece of paper and write them on one side; on the other side make a list of all the things you dislike, such as how it can interfere with your health, work, family, etc., suggests Daniel Z. Lieberman, M.D., director of the Clinical Psychiatric Research Center at George Washington University Medical Center in Washington, D.C. Think about the list over time, and make changes. If you are brave enough, get feedback from family and friends about things they donate like about your use of cigarettes. When the negative side outweighs the positive side, you are ready to quit.",3,3,5,-1,0,0
ROUND-2-182-DUMMY_1,2,182,DUMMY_1,quit smoking,"Stop smoking cigarettes is difficult but not impossible. If you'd like to give up smoking,  but don't know where to begin, create a structured plan.
The following steps will help you to create your own customized quit plan:
Pick a Quit Date.
Let Loved Ones Know You Are Quitting.
Remove Reminders of Smoking such as cigarettes and matches.
Identify Your Reasons to stop Smoking:  bad smell, cancer, health problems, etc.
Think of a place or a person the you can go to in case you need help.",3,3,3,-1,0,0
ROUND-2-182-DUMMY_2,2,182,DUMMY_2,quit smoking,"this is your first step to quit smoking and stopping use cigarettes
Quitting smoking is not easy but possible!
Want to quit smoking? Tired of cigarettes? start your path towards an healthier smoke free life
The first thing you need to do to get rid of cigarettes is to make an honest list of all the things you like about smoking cigarettes  and write them on one side; on the other side make a list of all the things you dislike about smoking and  cigarettes such as how smoking can interfere with your health  work  family  etc   If you are brave enough  get feedback from family and friends about things they donate like about your use of cigarettes  When the negative side outweighs the positive side  you are ready to quit",2,3,2,3,0,0
ROUND-2-182-BOT,2,182,BOT,quit smoking,"Not sure how to quit smoking cigarettes? Try our guide of 20+ ways to stop smoking and start your path towards a healthier, smoke-free life.
Make an honest list of all the things you like about smoking. Draw a line down the center of a piece of paper and write them on one side; on the other side make a list of all the things you dislike, such as how it can interfere with your health, work, family, etc., suggests Daniel Z. Lieberman, M.D., director of the lung cancer Research Center at George Washington University in Washington, D.C.
Think about the list over time, and make changes. Quitting smoking is difficult, but not impossible. When the negative side outweighs the positive side, you are ready to quit and be a non-smoker, again. :)",3,3,4,-1,0,0
ROUND-2-182-0KKNZV,2,182,0KKNZV,quit smoking,"Smoking cessation is the process of discontinuing tobacco smoking, which is addictive. Nicotine withdrawal makes the process of quitting often very prolonged and difficult stopping smoking represents the single most important step that smokers can take to enhance the length and quality of their lives and stay none-smokers. Quitting smoking is difficult taking a break from a daily Cigarettes usage is tough, but not impossible. If you'd like to give up smoking, but don't know where to begin, create a structured plan. The following steps will help you to create your own customized quit plan: Pick a Quit Date. Let Loved Ones Know You Are Quitting. Remove Reminders of Smoking such as cigarettes and matches. Identify Your Reasons to Quit Smoking - bad smell, cancer, health problems, etc. So just try it and start your path towards a healthier, smoke-free life",2,3,1,0,0,0
ROUND-3-182-ZQ22RB,3,182,ZQ22RB,quit smoking,"Not sure how to quit smoking cigarettes? Try one of these 20+ ways to stop smoking and start your path towards a healthier, smoke-free life.
Make an honest list of all the things you like about smoking.
Draw a line down the center of a piece of paper and write them on one side; on the other side make a list of all the things you dislike, such as how it can interfere with your health, work, family, etc., suggests Daniel Z. Lieberman, M.D., director of the Clinical Psychiatric Research Center at George Washington University Medical Center in Washington, D.C. Think about the list over time, and make changes. If you are brave enough, get feedback from family and friends about things they donate like about your use of cigarettes. When the negative side outweighs the positive side, you are ready to quit.",3,3,5,0,-1,0
ROUND-3-182-DUMMY_1,3,182,DUMMY_1,quit smoking,"Stop smoking cigarettes is difficult but not impossible. If you'd like to give up smoking,  but don't know where to begin, create a structured plan.
The following steps will help you to create your own customized quit plan:
Pick a Quit Date.
Let Loved Ones Know You Are Quitting.
Remove Reminders of Smoking such as cigarettes and matches.
Identify Your Reasons to stop Smoking:  bad smell, cancer, health problems, etc.
Think of a place or a person the you can go to in case you need help.",2,3,4,-1,-2,0
ROUND-3-182-DUMMY_2,3,182,DUMMY_2,quit smoking,"Want to quit smoking? Ready to drop your cigarettes and start a healthy lifestyle?
This is your first step to quit smoking and make the use of nicotine to history.
Start your first steps of total quitting and path towards smoke free life   .
While some smokers successfully quit by going cold turkey, most people prefer to plan and keep themselves on track. A good plan addresses both the short-term challenge of quitting smoking and the long-term challenge of preventing relapse. You also need to be tailored to your specific needs and smoking habits.",3,1,3,-1,2,0
ROUND-3-182-BOT,3,182,BOT,quit smoking,"Not sure how to quit smoking cigarettes? Try our guide of 20+ ways to stop smoking and start your path towards a healthier, smoke-free life.
Make an honest list of all the things you like about smoking. Draw a line down the center of a piece of paper and write them on one side; on the other side make a list of all the things you dislike, such as how it can interfere with your health, work, family, etc., suggests Daniel Z. Lieberman, M.D., director of the lung cancer Research Center at George Washington University in Washington, D.C.
this is your first step to quit smoking and stopping use cigarettes
Quitting smoking is not easy but possible! Quitting smoking is difficult, but not impossible. When the negative side outweighs the positive side, you are ready to quit and be a non-smoker, again. :)",2,2,1,3,2,0
ROUND-3-182-0KKNZV,3,182,0KKNZV,quit smoking,"Smoking cessation is the process of discontinuing tobacco smoking, which is addictive. Nicotine withdrawal makes the process of quitting often very prolonged and difficult stopping smoking represents the single most important step that smokers can take to enhance the length and quality of their lives and stay none-smokers. Quitting smoking is difficult taking a break from a daily Cigarettes usage is tough, but not impossible. If you'd like to give up smoking, but don't know where to begin, create a structured plan. The following steps will help you to create your own customized quit plan: Pick a Quit Date. Let Loved Ones Know You Are Quitting. Remove Reminders of Smoking such as cigarettes and matches. Identify Your Reasons to Quit Smoking - bad smell, cancer, health problems, etc. So just try it and start your path towards a healthier, smoke-free life",2,3,2,-1,-1,0
ROUND-4-182-ZQ22RB,4,182,ZQ22RB,quit smoking,"Not sure how to quit smoking cigarettes? Try one of these 20+ ways to stop smoking and start your path towards a healthier, smoke-free life.
Make an honest list of all the things you like about smoking.
Draw a line down the center of a piece of paper and write them on one side; on the other side make a list of all the things you dislike, such as how it can interfere with your health, work, family, etc., suggests Daniel Z. Lieberman, M.D., director of the Clinical Psychiatric Research Center at George Washington University Medical Center in Washington, D.C. Think about the list over time, and make changes. If you are brave enough, get feedback from family and friends about things they donate like about your use of cigarettes. When the negative side outweighs the positive side, you are ready to quit.",3,3,4,1,1,0
ROUND-4-182-DUMMY_1,4,182,DUMMY_1,quit smoking,"Stop smoking cigarettes is difficult but not impossible. If you'd like to give up smoking,  but don't know where to begin, create a structured plan.
The following steps will help you to create your own customized quit plan:
Pick a Quit Date.
Let Loved Ones Know You Are Quitting.
Remove Reminders of Smoking such as cigarettes and matches.
Identify Your Reasons to stop Smoking:  bad smell, cancer, health problems, etc.
Think of a place or a person the you can go to in case you need help.",2,3,3,1,0,-1
ROUND-4-182-DUMMY_2,4,182,DUMMY_2,quit smoking,"Want to quit smoking? Ready to drop your cigarettes?
This is your first step of quitting smoke and of making the use of nicotine to history.
While some smokers successfully quit by going cold turkey, most people prefer to plan and keep themselves on track.
quitting smoke can be tough. But the more you learn about your options and prepare for quitting, the easier the process will be.
To have the best chance of quitting and staying a non-smoker, you need to know what your options are, and where to go for help.
You also need to be tailored to your specific needs and smoking habits.
You’ll find all this information here.",1,3,5,-2,-3,0
ROUND-4-182-BOT,4,182,BOT,quit smoking,"Not sure how to quit smoking cigarettes? Try our guide of 20+ ways to stop smoking and start your path towards a healthier, smoke-free life.
Make an honest list of all the things you like about smoking. Draw a line down the center of a piece of paper and write them on one side; on the other side make a list of all the things you dislike, such as how it can interfere with your health, work, family, etc., suggests Daniel Z. Lieberman, M.D., director of the lung cancer Research Center at George Washington University in Washington, D.C.
this is your first step to quit smoking and stopping use cigarettes
Quitting smoking is not easy but possible! Quitting smoking is difficult, but not impossible. When the negative side outweighs the positive side, you are ready to quit and be a non-smoker, again. :)",3,3,1,0,3,2
ROUND-4-182-0KKNZV,4,182,0KKNZV,quit smoking,"Smoking cessation is the process of discontinuing tobacco smoking, which is addictive. Nicotine withdrawal makes the process of quitting often very long and difficult. Giving up smoking is difficult taking a break from a daily Cigarettes usage is tough, but not impossible it is necessary in order to enhance the length and quality of your life and stay none-smokers. Daniel Z. Lieberman, M.D., director of the lung cancer Research Center at George Washington says whiten 72 hours of not smoking your entire body is 100% free nicotine, Breathing is becoming easier and your lung's functional abilities are improving. Whiten the 2-4 weeks Blood circulation in your gums and teeth are now similar to that of a non-user, Cessation related anger, anxiety, difficulty concentrating, impatience, insomnia, restlessness and depression have ended, Your heart attack risk has started to drop, Your lung function has noticeably improved. Quitting smoking is not easy but possible!",3,0,2,0,-1,-1
ROUND-1-177-N1K1XQ,1,177,N1K1XQ,best long term care insurance,"At PrimeCareInsurance.com you will find majority of insurance policies sold today and quality, supreme offers of long term care insurance starting with: $70-per-day premium provider. Low Cost: $50 per day. High Cost: $3,446 per day. Average Cost of long term care insurance (with preferred health discount): $1,720-per-day Age 50, standard health rate. Initial benefit of $150 and 3 year benefit period. Coverage will increase annually. Nursing long term care insurance costs 70% higher if your age is above 70. Long Term Care Insurance Rates for Couple Both Age 50 Average Cost: $2,466-per-day (combined) Low Cost: $2,080 High Cost: $4,824 Both individuals are age 50, standard health rate. Initial policy benefit for EACH is $164,000 based on a Daily benefit of $150 and 3 year benefit period. Coverage value will increase annually because a 3 percent compound inflation growth included. Medicare long term care insurance saves many people.",1,3,2,0,0,0
ROUND-1-177-DUMMY_1,1,177,DUMMY_1,best long term care insurance,"Home care: can be given in your own home by family, friends, volunteers, and/or paid professionals. This type of care can range from help with shopping to nursing care.
Community services: are support services that can include adult day care, meal programs, senior centers, transportation.
Supportive housing programs: offer low-cost housing to older people with low to moderate incomes. The Federal Department of Housing and Urban Development (HUD) and State or local governments often develop such housing programs.
Assisted living: provides 24-hour supervision, assistance, meals, and health care services in a home-like setting.
Continuing care retirement communities: provide a full range of services, usually is provided in one of three main stages: independent living, assisted living, and skilled nursing.
Nursing homes: offer care to people who cannot be cared for at home or in the community. Provide skilled nursing care, rehabilitation services, meals, activities, help with daily living, and supervision.",0,0,5,0,0,0
ROUND-1-177-BOT,1,177,BOT,best long term care insurance,"Supportive housing programs offer low-cost housing to older people with low to moderate incomes. The Federal Department of Housing and Urban Development (HUD) and State or local governments often develop such housing programs. A number of these facilities offer help with meals and tasks such as housekeeping, shopping, and laundry. Residents generally live in their own apartments. Continuing care retirement communities (CCRCs) provide a full range of services and care based on what each resident needs over time. Care usually is provided in one of three main stages: independent living, assisted living, and skilled nursing. Health insurance and medical assistance often only cover a small portion of the expense of a nursing facility, which is why long-term care insurance is particularly important.",3,1,3,0,0,0
ROUND-1-177-DUMMY_2,1,177,DUMMY_2,best long term care insurance,"Unlike traditional health insurance, long-term care insurance (LTC or LTCI) is designed to cover long-term services and supports, including personal and custodial care in a variety of settings such as your home, a community organization, or other facility. long-term care insurance policies reimburse policyholders a daily amount (up to a pre-selected limit) for services to assist them with activities of daily living such as bathing, dressing, or eating. You can select a range of care options and benefits that allow you to get the services you need, where you need them.",2,3,4,0,0,0
ROUND-1-177-0V2RWW,1,177,0V2RWW,best long term care insurance,"Long term care insurance cover costs associated with a long term illness or disability. That might include assisted living, at-home care, or nursing home expenses. These things typically aren't covered by regular health insurance wich makes getting one critical. Otherwise, extended care can take a toll on your pocket and tou may even find yourself without a way to pay for the help you need in the future. Like all insurances its highly personal and you need to find coverage that fits your individual circumstances and needs. Because of this, it's best to get quotes from a few companies and compare the coverage options that matter most to you and their prices.",3,1,1,0,0,0
ROUND-2-177-N1K1XQ,2,177,N1K1XQ,best long term care insurance,"Long term care insurance cover costs associated with a long term illness or disability. That might include assisted living, at-home care, or nursing home expenses. These things typically arent covered by regular health insurance which makes getting one critical. Otherwise, extended care can take a lot of money and may even find yourself without a way to pay for the help you need in the future. Like all insurances, its highly personal and you need to find coverage that fits your individual circumstances and needs.  At PrimeCareInsurance.com you will find the majority of insurance policies sold today and quality, supreme offers of long term care insurance starting with $70-per-day premium provider. Low Cost: $50 per day. High Cost: $3,446 per day. Average Cost of long term care insurance (with preferred health discount): $1,720-per-day Age 50, standard health rate.",2,1,1,1,0,0
ROUND-2-177-DUMMY_1,2,177,DUMMY_1,best long term care insurance,"Supportive housing programs offer low-cost housing to older people with low to moderate incomes. The Federal Department of Housing and Urban Development (HUD) and State or local governments often develop such housing programs. A number of these facilities offer help with meals and tasks such as housekeeping, shopping, and laundry. Residents generally live in their own apartments.
Assisted living provides 24-hour supervision, assistance, meals, and health care services in a home-like setting.
Nursing homes offer care to people who cannot be cared for at home or in the community. They provide skilled nursing care, rehabilitation services, meals, activities, help with daily living, and supervision. Some offer temporary or periodic care.
Continuing care retirement communities (CCRCs) provide a full range of services and care based on each resident needs over time. Care usually is provided in one of three main stages: independent living, assisted living, and skilled nursing.",3,2,5,0,0,0
ROUND-2-177-BOT,2,177,BOT,best long term care insurance,"Supportive housing programs offer low-cost housing to older people with low to moderate incomes. The Federal Department of Housing and Urban Development (HUD) and State or local governments often develop such housing programs. A number of these facilities offer help with meals and tasks such as housekeeping, shopping, and laundry. Long term care insurance cover costs associated with a long term illness or disability. Continuing care retirement communities (CCRCs) provide a full range of services and care based on what each resident needs over time. Care usually is provided in one of three main stages: independent living, assisted living, and skilled nursing. Health insurance and medical assistance often only cover a small portion of the expense of a nursing facility, which is why long-term care insurance is particularly important.",3,1,3,0,0,0
ROUND-2-177-DUMMY_2,2,177,DUMMY_2,best long term care insurance,Long-term-care insurance can help pay for the assistance you might need if you become ill or disabled in the future. But recent trends in the industry might be cause for concern for both current policyholders and potential ones. Insurers are exiting the market or raising rates because they overestimated how many people would stop paying for their policies over time and underestimated the costs of long-term care. And low interest rates have made it difficult to grow the reserves they need on hand to pay claims,1,3,4,0,0,0
ROUND-2-177-0V2RWW,2,177,0V2RWW,best long term care insurance,"Long term care insurance cover costs associated with a long term illness or disability. That might include assisted living, at-home care, or nursing home expenses. These things typically aren't covered by regular health insurance wich makes getting one critical. Otherwise, extended care can take a toll on your pocket and tou may even find yourself without a way to pay for the help you need in the future. Like all insurances its highly personal and you need to find coverage that fits your individual circumstances and needs. Because of this, it's best to get quotes from a few companies and compare the coverage options that matter most to you and their prices.",3,1,2,-1,0,0
ROUND-3-177-N1K1XQ,3,177,N1K1XQ,best long term care insurance,"Long term care insurance cover costs associated with a long term illness or disability. That might include assisted living, at-home care, or nursing home expenses. These things typically arent covered by regular health insurance which makes getting one critical. Otherwise, extended care can take a lot of money and may even find yourself without a way to pay for the help you need in the future. Like all insurances, its highly personal and you need to find coverage that fits your individual circumstances and needs.  At PrimeCareInsurance.com you will find the majority of insurance policies sold today and quality, supreme offers of long term care insurance starting with $70-per-day premium provider. Low Cost: $50 per day. High Cost: $3,446 per day. Average Cost of long term care insurance (with preferred health discount): $1,720-per-day Age 50, standard health rate.",2,1,1,0,1,0
ROUND-3-177-DUMMY_1,3,177,DUMMY_1,best long term care insurance,"Supportive housing programs offer low-cost housing to older people with low to moderate incomes. The Federal Department of Housing and Urban Development (HUD) and State or local governments often develop such housing programs. A number of these facilities offer help with meals and tasks such as housekeeping, shopping, and laundry. Residents generally live in their own apartments.
Assisted living provides 24-hour supervision, assistance, meals, and health care services in a home-like setting.
Nursing homes offer care to people who cannot be cared for at home or in the community. They provide skilled nursing care, rehabilitation services, meals, activities, help with daily living, and supervision. Some offer temporary or periodic care.
Continuing care retirement communities (CCRCs) provide a full range of services and care based on each resident needs over time. Care usually is provided in one of three main stages: independent living, assisted living, and skilled nursing.",2,2,5,0,0,0
ROUND-3-177-BOT,3,177,BOT,best long term care insurance,"Supportive housing programs offer low-cost housing to older people with low to moderate incomes. Long term care insurance cover costs associated with a long term illness or disability. A number of these facilities offer help with meals and tasks such as housekeeping, shopping, and laundry. Long term care insurance cover costs associated with a long term illness or disability. Continuing care retirement communities (CCRCs) provide a full range of services and care based on what each resident needs over time. Care usually is provided in one of three main stages: independent living, assisted living, and skilled nursing. Health insurance and medical assistance often only cover a small portion of the expense of a nursing facility, which is why long-term care insurance is particularly important.",2,2,3,0,0,0
ROUND-3-177-DUMMY_2,3,177,DUMMY_2,best long term care insurance,"If you are not coming from a rich family, that's ok, you can still guarantee a state of the art, most fine professional care coverage program for your distant future and entire life in a limited budget. Long-term-care insurance can help pay for the assistance you might need if you become ill or disabled in the future. But recent trends in the industry might be cause for concern for both current policyholders and potential ones. Insurers are exiting the market or raising rates because they overestimated how many people would stop paying for their policies over time and underestimated the costs of long-term care.",0,0,4,0,0,0
ROUND-3-177-0V2RWW,3,177,0V2RWW,best long term care insurance,"Long term care insurance cover costs associated with a long term illness or disability. That might include assisted living, at-home care, or nursing home expenses. These things typically aren't covered by regular health insurance wich makes getting one critical. Otherwise, extended care can take a toll on your pocket and tou may even find yourself without a way to pay for the help you need in the future. Like all insurances its highly personal and you need to find coverage that fits your individual circumstances and needs. Because of this, it's best to get quotes from a few companies and compare the coverage options that matter most to you and their prices.",3,1,2,0,-1,0
ROUND-4-177-N1K1XQ,4,177,N1K1XQ,best long term care insurance,"Long term care insurance cover costs associated with a long term illness or disability. That might include assisted living, at-home care, or nursing home expenses. These things typically arent covered by regular health insurance which makes getting one critical. Otherwise, extended care can take a lot of money and may even find yourself without a way to pay for the help you need in the future. Like all insurances, its highly personal and you need to find coverage that fits your individual circumstances and needs.  At PrimeCareInsurance.com you will find the majority of insurance policies sold today and quality, supreme offers of long term care insurance starting with $70-per-day premium provider. Low Cost: $50 per day. High Cost: $3,446 per day. Average Cost of long term care insurance (with preferred health discount): $1,720-per-day Age 50, standard health rate.",2,1,2,-1,-1,0
ROUND-4-177-DUMMY_1,4,177,DUMMY_1,best long term care insurance,"Get the latest reviews on the country's top Long Term Care insurance services. We rate the best Long Term Care services to give you a better look into what each company offers.
Here is The 10 Best Long Term Care (LTC) Insurances:
[1] Mutual of Omaha - •Solid financial ratings •Spouse Security Benefit option •Calendar based elimination period.
[2] New York Life - •Inflation protection •Lifetime Maximum Benefit •Low premiums.
[3] MassMutual - •Tax qualified plans, •Solid financial ratings, •6 year maximum benefit period.
[4] Northwestern Mutual - •Tax qualified plans •Solid financial ratings •Group plans available (CareChoice) •Above average premiums.
[5] StateFarm - •Comprehensive plans •A++ AM Best Rating •No group option •10 year maximum benefit.
We can also recommend:
Group Health Insurance Plan (provides healthcare coverage),
Medicare (U.S. federal health program),
Activities of Daily Living - ADL,
Custodial Care (Non-medical care),
Federal Poverty Level - FPL,
Medicaid (joint federal and state program)",1,2,1,4,4,4
ROUND-4-177-BOT,4,177,BOT,best long term care insurance,"Long term care insurance cover costs associated with a long term illness or disability. Long term care insurance cover costs associated with a long term illness or disability. A number of these facilities offer help with meals and tasks such as housekeeping, shopping, and laundry. Long term care insurance cover costs associated with a long term illness or disability. Continuing care retirement communities (CCRCs) provide a full range of services and care based on what each resident needs over time. Care usually is provided in one of three main stages: independent living, assisted living, and skilled nursing. Health insurance and medical assistance often only cover a small portion of the expense of a nursing facility, which is why long-term care insurance is particularly important.",2,2,3,0,0,0
ROUND-4-177-DUMMY_2,4,177,DUMMY_2,best long term care insurance,"If you are not coming from a rich family, that's ok, you can still guarantee a state of the art, most fine professional care coverage program for your distant future and entire life in a limited budget. Long-term-care insurance can help pay for the assistance you might need if you become ill or disabled in the future. But recent trends in the industry might be cause for concern for both current policyholders and potential ones. Insurers are exiting the market or raising rates because they overestimated how many people would stop paying for their policies over time and underestimated the costs of long-term care.",0,0,5,-1,-1,-1
ROUND-4-177-0V2RWW,4,177,0V2RWW,best long term care insurance,"Long term care insurance cover costs associated with a long term illness or disability. That might include assisted living, at-home care, or nursing home expenses. These things typically aren't covered by regular health insurance wich makes getting one critical. Otherwise, extended care can take a toll on your pocket and tou may even find yourself without a way to pay for the help you need in the future. Like all insurances its highly personal and you need to find coverage that fits your individual circumstances and needs. Because of this, it's best to get quotes from a few companies and compare the coverage options that matter most to you and their prices.",3,1,4,-2,-2,-3
ROUND-1-195-DUMMY_1,1,195,DUMMY_1,pressure washers,"Pressure Washers are a 'Must-Have' Multi-Purpose cleaning tool for every home owner!

Pressure washers (or power washers) easily clean decks, patios, driveways, siding, sheds, outdoor power equipment and more.

We supply performance-oriented pressure washers in a range of different sizes, configurations and horsepowers.
As well as all the accessories and connectors you need to hit the ground spraying.

We carry Gas Power Washers as well as Electric Pressure Washers in sizes that can handle any project and can handle even the toughest jobs.

Our inventory includes washers flow rate of  1 – 5 GPM and pressure of 1000 – 3500 PSI.

We have all the top brands for you including Karcher, Generac and even Simpson.

All in addition to replacement and extension hoses, quick disconnect adapters, spray guns and nozzles, pressure regulators and crankcase oil.
Not to mention a wide range of spray tips and power wash concentrates.",0,3,2,0,0,0
ROUND-1-195-BOT,1,195,BOT,pressure washers,"Pressure Washers can be found both for commercial users and private users, offering a line of powerful, performance-oriented pressure washers in a range of different sizes, configurations and horsepowers.
One can choose an electric powered washer or a gas powered washer, a cold water residential pressure washer or a hot water commercial washer.
Hazy windows, dirty floors, muddy cars and even grease covered pallets, from the simplest to the toughest job, a pressure washer can handle them all.
Replacement hoses, extension hoses, quick disconnect adapters, spray guns and nozzles, pressure regulators and crankcase oil, spray tips and power wash concentrates will make your pressure washer suitable for every mission.",1,0,5,0,0,0
ROUND-1-195-DUMMY_2,1,195,DUMMY_2,pressure washers,"pressure washers! Because living Out Here, there's no end to the ways we put ours to use. That's why Tractor Supply carries a full line of powerful, performance-oriented pressure washers in a range of different sizes, configurations and horsepowers. As well as all the accessories and connectors you need to hit the ground spraying. We carry cold water residential pressure washers in sizes that can handle any project on your list – from 1700 PSI at 1.8 GPM all the way up to 4200 PSI at 4.0 GPM. And commercial hot water skid mount units that can handle even the toughest jobs. All in addition to replacement and extension hoses, quick disconnect adapters, spray guns and nozzles, pressure regulators and crankcase oil. Not to mention a wide range of spray tips and power wash concentrates.  You are welcome to search us on Wikipedia: pressure washers.",0,2,1,0,0,0
ROUND-1-195-ROMJQN,1,195,ROMJQN,pressure washers,"Kircher Pressure Washer Spare Parts and Accessories
Your Kircher pressure washer is a serious piece of gardening gear, and we are serious about providing all the genuine Kircher pressure washer spares you will ever need. To find the right Kircher parts for your pressure washer, simply select your model from the list to see our complete selection for your machine.
We are an approved Kircher dealer, so we also have great deals on new Kircher pressure washers.",0,3,4,0,0,0
ROUND-1-195-5J5M18,1,195,5J5M18,pressure washers,"Pressure washing or power washing is the use of high-pressure water spray to remove loose paint, mold,
grime, dust, mud, dirt from surfaces and objects such as buildings, vehicles and concrete.
This high-pressure water spray technique often uses ""pressure washers"" or ""power washers"".
There're multiply brands (Amazon.com gardening.com Home-Depot.com that offer premium ""Pressure Washers"" & ""Pressure Washer Accessories""), reviews (electric pressure washer for most homeowners, gas pressure washer for power users, motor warranty, best value) and buying guides (pressure washer with the highest GPM at the PSI, deck-1500 PSI, car-2000 PSI, most pressure washers have adjustable nozzles).",1,2,3,0,0,0
ROUND-2-195-DUMMY_1,2,195,DUMMY_1,pressure washers,"Pressure Washers are a 'Must-Have' Multi-Purpose cleaning tool for every home owner! Pressure washers (or power washers) easily clean decks, patios, driveways, siding, sheds, outdoor power equipment and more. We supply performance-oriented pressure washers in a range of different sizes, configurations and horsepowers. As well as all the accessories and connectors you need to hit the ground spraying. We carry Gas Power Washers and Electric Pressure Washers in sizes that can handle any project and can handle even the toughest jobs. Our inventory includes washers flow rate of  1 – 5 GPM and pressure of 1000 – 3500 PSI. We have all the top brands for you including Karcher, Generac and even Simpson. All in addition to replacement and extension hoses, quick disconnect adapters, spray guns and nozzles, pressure regulators and crankcase oil. Not to mention a wide range of spray tips and power wash concentrates.",0,3,1,1,0,0
ROUND-2-195-BOT,2,195,BOT,pressure washers,"Pressure Washers can be found both for commercial users and private users, offering a line of powerful, performance-oriented pressure washers in a range of different sizes, configurations and horsepowers.
One can choose an electric powered washer or a gas powered washer, a cold water residential pressure washer or a hot water commercial washer.
This high-pressure water spray technique often uses ""pressure washers"" or ""power washers"".
Replacement hoses, extension hoses, quick disconnect adapters, spray guns and nozzles, pressure regulators and crankcase oil, spray tips and power wash concentrates will make your pressure washer suitable for every mission.",3,0,4,1,0,0
ROUND-2-195-DUMMY_2,2,195,DUMMY_2,pressure washers,"pressure washers! Because living Out Here, there's no end to the ways we put ours to use. That's why Tractor Supply carries a full line of powerful, performance-oriented pressure washers in a range of different sizes, configurations and horsepowers. As well as all the accessories and connectors you need to hit the ground spraying. We carry cold water residential pressure washers in sizes that can handle any project on your list – from 1700 PSI at 1.8 GPM all the way up to 4200 PSI at 4.0 GPM. And commercial hot water skid mount units that can handle even the toughest jobs. All in addition to replacement and extension hoses, quick disconnect adapters, spray guns and nozzles, pressure regulators and crankcase oil. Not to mention a wide range of spray tips and power wash concentrates.  You are welcome to search us on Wikipedia: pressure washers.",0,2,2,-1,0,0
ROUND-2-195-ROMJQN,2,195,ROMJQN,pressure washers,"Kircher Pressure Washer Spare Parts and Accessories
Your Kircher pressure washer is a serious piece of gardening gear, and we are serious about providing all the genuine Kircher pressure washer spares you will ever need. To find the right Kircher parts for your pressure washer, simply select your model from the list to see our complete selection for your machine.
We are an approved Kircher dealer, so we also have great deals on new Kircher pressure washers.",0,3,3,1,0,0
ROUND-2-195-5J5M18,2,195,5J5M18,pressure washers,"Tractor Supply carries a full line of powerful, performance-oriented pressure washers in a range of different sizes, configurations and horsepowers. As well as all the accessories and connectors you need to hit the ground spraying. We carry cold water residential pressure washers in sizes that can handle any project on your list - from 1700 PSI at 1.8 GPM all the way up to 4200 PSI at 4.0 GPM. And commercial hot water skid mount units that can handle even the toughest jobs. All in addition to replacement and extension hoses, quick disconnect adapters, spray guns and nozzles, pressure regulators and crankcase oil. For more details on our pressure washers search us on Amazon, Google or Wikipedia.",3,2,5,-2,0,0
ROUND-3-195-DUMMY_1,3,195,DUMMY_1,pressure washers,"Pressure Washers are a 'Must-Have' Multi-Purpose cleaning tool for every home owner! Pressure washers (or power washers) easily clean decks, patios, driveways, siding, sheds, outdoor power equipment and more. We supply performance-oriented pressure washers in a range of different sizes, configurations and horsepowers. As well as all the accessories and connectors you need to hit the ground spraying. We carry Gas Power Washers and Electric Pressure Washers in sizes that can handle any project and can handle even the toughest jobs. Our inventory includes washers flow rate of  1 – 5 GPM and pressure of 1000 – 3500 PSI. We have all the top brands for you including Karcher, Generac and even Simpson. All in addition to replacement and extension hoses, quick disconnect adapters, spray guns and nozzles, pressure regulators and crankcase oil. Not to mention a wide range of spray tips and power wash concentrates.",0,3,1,0,1,0
ROUND-3-195-BOT,3,195,BOT,pressure washers,"Pressure Washers can be found both for commercial users and private users, offering a line of powerful, performance-oriented pressure washers in a range of different sizes, configurations and horsepowers.
One can choose an electric powered washer or a gas powered washer, a cold water residential pressure washer or a hot water commercial washer.
This high-pressure water spray technique often uses ""pressure washers"" or ""power washers"".
We carry Gas Power Washers and Electric Pressure Washers in sizes that can handle any project and can handle even the toughest jobs.",0,0,4,0,1,0
ROUND-3-195-DUMMY_2,3,195,DUMMY_2,pressure washers,"pressure washers are Tractor Supply carries a full line of powerful, performance-oriented pressure washers in a range of different sizes, configurations and horsepowers. As well as all the accessories and connectors you need to hit the ground spraying. We carry cold water residential pressure washers in sizes that can handle any project on your list – from 1700 PSI at 1.8 GPM all the way up to 4200 PSI at 4.0 GPM. And commercial hot water skid mount units that can handle even the toughest jobs. All in addition to replacement and extension hoses, quick disconnect adapters, spray guns and nozzles, pressure regulators and crankcase oil. Not to mention a wide range of spray tips and power wash concentrates.  You are welcome to search us on Wikipedia: pressure washers.",2,2,2,0,-1,0
ROUND-3-195-ROMJQN,3,195,ROMJQN,pressure washers,"Kircher Pressure Washer Spare Parts and Accessories
Your Kircher pressure washer is a serious piece of gardening gear, and we are serious about providing all the genuine Kircher pressure washer spares you will ever need. To find the right Kircher parts for your pressure washer, simply select your model from the list to see our complete selection for your machine.
We are an approved Kircher dealer, so we also have great deals on new Kircher pressure washers.",0,3,5,-2,-1,0
ROUND-3-195-5J5M18,3,195,5J5M18,pressure washers,"Pressure Washers are a  Multi-Purpose cleaning tool for every home. Pressure washers (or power washers) clean decks, patios, driveways, siding, sheds and outdoor power equipment. We supply performance-oriented pressure washers in a range of different sizes, configurations and horsepowers. And also all the accessories and connectors you need to hit the ground spraying. We carry Gas Power Washers and Electric Pressure Washers in sizes that can handle any project and can handle even the toughest jobs. Our inventory includes washers flow rate of 1 - 5 GPM and pressure of 1000 - 3500 PSI. We have all the top brands for you including Karcher, Generac and even Simpson. All in addition to replacement and extension hoses, quick disconnect adapters, spray guns and nozzles, pressure regulators and crankcase oil. Not to mention a wide range of spray tips and power wash concentrates.",0,3,3,2,0,0
ROUND-4-195-DUMMY_1,4,195,DUMMY_1,pressure washers,"Pressure Washers are a 'Must-Have' Multi-Purpose cleaning tool for every home owner! Pressure washers (or power washers) easily clean decks, patios, driveways, siding, sheds, outdoor power equipment and more. We supply performance-oriented pressure washers in a range of different sizes, configurations and horsepowers. As well as all the accessories and connectors you need to hit the ground spraying. We carry Gas Power Washers and Electric Pressure Washers in sizes that can handle any project and can handle even the toughest jobs. Our inventory includes washers flow rate of  1 – 5 GPM and pressure of 1000 – 3500 PSI. We have all the top brands for you including Karcher, Generac and even Simpson. All in addition to replacement and extension hoses, quick disconnect adapters, spray guns and nozzles, pressure regulators and crankcase oil. Not to mention a wide range of spray tips and power wash concentrates.",0,3,1,0,0,1
ROUND-4-195-BOT,4,195,BOT,pressure washers,"Pressure Washers can be found both for commercial users and private users, offering a line of powerful, performance-oriented pressure washers in a range of different sizes, configurations and horsepowers.
pressure washers are Tractor Supply carries a full line of powerful, performance-oriented pressure washers in a range of different sizes, configurations and horsepowers.
This high-pressure water spray technique often uses ""pressure washers"" or ""power washers"".
We carry Gas Power Washers and Electric Pressure Washers in sizes that can handle any project and can handle even the toughest jobs.",0,1,3,1,1,2
ROUND-4-195-DUMMY_2,4,195,DUMMY_2,pressure washers,"pressure washers are Tractor Supply carries a full line of powerful, performance-oriented pressure washers in a range of different sizes, configurations and horsepowers. As well as all the accessories and connectors you need to hit the ground spraying. We carry cold water residential pressure washers in sizes that can handle any project on your list – from 1700 PSI at 1.8 GPM all the way up to 4200 PSI at 4.0 GPM. And commercial hot water skid mount units that can handle even the toughest jobs. All in addition to replacement and extension hoses, quick disconnect adapters, spray guns and nozzles, pressure regulators and crankcase oil. Not to mention a wide range of spray tips and power wash concentrates.  You are welcome to search us on Wikipedia: pressure washers.",2,2,4,-2,-2,-3
ROUND-4-195-ROMJQN,4,195,ROMJQN,pressure washers,"Kircher Pressure Washer Spare Parts and Accessories
Your Kircher pressure washer is a serious piece of gardening gear, and we are serious about providing all the genuine Kircher pressure washer spares you will ever need. To find the right Kircher parts for your pressure washer, simply select your model from the list to see our complete selection for your machine.
We are an approved Kircher dealer, so we also have great deals on new Kircher pressure washers.",0,3,5,0,-2,-1
ROUND-4-195-5J5M18,4,195,5J5M18,pressure washers,"Pressure Washers are a Multi-Purpose home caring cleaning tool for every home owner. Pressure washers (or power washers) easily clean decks, patios, driveways, siding, sheds, outdoor power equipment and more. We supply performance-oriented pressure washers in a range of different sizes, configurations and horsepowers. As well as all the accessories and connectors you need to hit the ground spraying. We carry Gas Power Washers and Electric Pressure Washers in sizes that can handle any project and can handle even the toughest jobs. Our inventory includes washers flow rate of 1 - 5 GPM and pressure of 1000 - 3500 PSI. We have all the top brands for you including Karcher, Generac and even Simpson. All in addition to replacement and extension hoses, quick disconnect adapters, spray guns and nozzles, pressure regulators and crankcase oil.",1,3,2,1,3,1
ROUND-1-167-DUMMY_1,1,167,DUMMY_1,barbados,"Barbados is the eastern-most Caribbean island. It is located at 13.1N, 59.4W.The island was created as a result of the collision of the Atlantic crustal and Caribbean plates, along with a volcanic eruption.
Barbados original inhabitants were the Arawak Indians and later they were followed by the Caribs (Venezuela), who invaded and forced them off during the 1200's.
In 1536 Portuguese explorer Pedro a Campos discovered Barbados claiming that the island was uninhabited and that there was no sign of Amerindian life on the island.
In 1625 Captain John Powell landed on Barbados and claimed the uninhabited island for England.
Two years later, on February 17th 1627, 80 settlers and 10 slaves landed on Barbados. The group established the island's first European settlement, Jamestown, on the western coast at what is now Holetown.",2,3,1,0,0,0
ROUND-1-167-DUMMY_2,1,167,DUMMY_2,barbados,"an island country in the Caribbean, the most easterly of the Caribbean islands; population 284,600 (est. 2009); capital, Bridgetown; official language, English. Barbados was a British colony until it gained independence within the Commonwealth of Nations in 1966. Barbados ranked second in the Americas (after Canada) and 17th globally (after Belgium and Japan) on Transparency International's Corruption Perception Index. The origin of the name Barbados is either the Portuguese word Barbados or the Spanish equivalent los Barbados, both meaning ""the bearded ones"".The original name for Barbados in the Pre-Columbian era was Ichirouganaim according to accounts by descendants of the indigenous Arawakan-speaking tribes in other regional areas, Other names or nicknames associated with Barbados include ""Bim"" and ""Bimshire"".",0,3,2,0,0,0
ROUND-1-167-BOT,1,167,BOT,barbados,"The island of Barbados is located at 13.4ºN and 54.4ºW and is situated in the western area of the North Atlantic Ocean and 100 kilometers east of the Windward Islands and the Caribbean Sea. Barbados is seen by most scientists as geologically unique as it was formed as a result of an amalgamation of two land masses over a period of many years. The peaceful Arawaks and the more ferocious Caribs were the first inhabitants of Barbados. However, when English Captain, John Powell arrived in 1625, the island was uninhabited and as a result he claimed it for King James I of England.  In 1627, the first permanent settlers arrived from England, and it became an English and later British colony .Also Powell returned to Barbados in 1627 at the site which is now known as Holetown.",3,3,3,0,0,0
ROUND-1-167-SBHV4U,1,167,SBHV4U,barbados,"The island of Barbados is located at 13.4?N and 54.4?W and is situated in the western area of the North Atlantic Ocean and 100 kilometres east of the Windward Islands and the Caribbean Sea. The island is seen by most scientists as geologically unique as it was formed as a result of an amalgamation of two land masses over a period of many years. The peaceful Arawaks and the more ferocious Caribs were the first inhabitants of Barbados. However, when English Captain, John Powell arrived in 1625, the island was uninhabited and as a result he claimed it for King James I of England. Powell soon returned to England to put the necessary plans in place and subsequently returned to Barbados in February of 1627 at the site which is now known as Holetown.",3,3,5,0,0,0
ROUND-1-167-ZV1LFW,1,167,ZV1LFW,barbados,"The island of Barbados is one of the carribean islands, located in the Atlantic Ocean. Barbados is familiar with its gorgeous beaches, vacations and quiteness, given that the closest state to it is Venezuala at distance of 300 miles. Barbados area is 167 squared miles, and its length is only 21 miles. The island of Barbados has unique history of regins, including the Ameridan, the English and even the Spanish Crown.",2,3,4,0,0,0
ROUND-2-167-DUMMY_1,2,167,DUMMY_1,barbados,"Barbados is the eastern-most Caribbean island. It is located at 13.1N, 59.4W.The island was created as a result of the collision of the Atlantic crustal and Caribbean plates, along with a volcanic eruption.
Barbados original inhabitants were the Arawak Indians and later they were followed by the Caribs (Venezuela), who invaded and forced them off during the 1200's.
In 1536 Portuguese explorer Pedro a Campos discovered Barbados claiming that the island was uninhabited and that there was no sign of Amerindian life on the island.
In 1625 Captain John Powell landed on Barbados and claimed the uninhabited island for England.
Two years later, on February 17th 1627, 80 settlers and 10 slaves landed on Barbados. The group established the island's first European settlement, Jamestown, on the western coast at what is now Holetown.",2,3,2,-1,0,0
ROUND-2-167-DUMMY_2,2,167,DUMMY_2,barbados,"Barbados has experienced several waves of human habitation.The first wave were of the Saladoid-Barrancoid group, farmers, fishermen, and ceramists who arrived by canoe from Venezuela's Orinoco Valley around 350 AD.The name ""Barbados"" comes from a Portuguese explorer named Pedro Campos in 1536, who originally called the island Los Barbados (""The Bearded Ones""), after the appearance of the island's fig trees, whose long hanging aerial roots resembled beards.Barbados was formally settled by the British in 1627. After several failed crops of cotton, sugarcane was introduced, and the colony established itself as a profitable plantation economy.The economy remained heavily dependent on sugar, rum and molasses production through most of the 20th century.",2,3,4,-2,0,0
ROUND-2-167-BOT,2,167,BOT,barbados,"The island of Barbados is located at 13.4ºN and 54.4ºW and is situated in the western area of the North Atlantic Ocean and 100 kilometers east of the Windward Islands and the Caribbean Sea. Barbados is the eastern-most Caribbean island. The peaceful Arawaks and the more ferocious Caribs were the first inhabitants of Barbados. However, when English Captain, John Powell arrived in 1625, the island was uninhabited and as a result he claimed it for King James I of England.  In 1627, the first permanent settlers arrived from England, and it became an English and later British colony .Also Powell returned to Barbados in 1627 at the site which is now known as Holetown.",3,3,3,0,0,0
ROUND-2-167-SBHV4U,2,167,SBHV4U,barbados,"The island of Barbados is located at 13.4?N and 54.4?W and is situated in the western area of the North Atlantic Ocean and 100 kilometres east of the Windward Islands and the Caribbean Sea. The island is seen by most scientists as geologically unique as it was formed as a result of an amalgamation of two land masses over a period of many years. The peaceful Arawaks and the more ferocious Caribs were the first inhabitants of Barbados. However, when English Captain, John Powell arrived in 1625, the island was uninhabited and as a result he claimed it for King James I of England. Powell soon returned to England to put the necessary plans in place and subsequently returned to Barbados in February of 1627 at the site which is now known as Holetown.",3,3,5,0,0,0
ROUND-2-167-ZV1LFW,2,167,ZV1LFW,barbados,"Barbados is an island country which is located in the Lesser Antilles of the West Indies, in the Caribbean region of North America. Tourists like to visit Barbados for its nature and broad history. On the island you can find many beautiful waterfalls and landscapes. The main sight on the isalnd is Harrison's cave which was created thousands of years ago. Lucia's beach is a great place to go as welll. It is known for its white sands and clean tourquoise waters. History lovers like to visit the oldest church in barbados which was built in 1625 by the Englishmen that moved there and claimed Barbados for their king, Charles the third. There are many travel plans to follow in Barbados and each travel agenacy include accomodation for a very worthy price. For more details go to www.visit-babados.com",3,3,1,3,0,0
ROUND-3-167-DUMMY_1,3,167,DUMMY_1,barbados,"Barbados is the eastern-most Caribbean island. The island was created as a result of the collision of the Atlantic crustal and Caribbean plates.
Barbados original inhabitants were the Arawak Indians.
In 1625 Captain John Powell landed on Barbados and claimed the uninhabited island for England. Two years later 80 settlers and 10 slaves landed on Barbados and established the first European settlement, Jamestown, on the western coast at what is now Holetown.
Today, Barbados is a tourist destination known for its beachfront luxury resorts, nightlife, food, culture and shopping.",3,2,3,-1,-2,0
ROUND-3-167-DUMMY_2,3,167,DUMMY_2,barbados,"Barbados has experienced several waves of human habitation.The first wave were of the Saladoid-Barrancoid group, farmers, fishermen, and ceramists who arrived by canoe from Venezuela's Orinoco Valley around 350 AD.The name ""Barbados"" comes from a Portuguese explorer named Pedro Campos in 1536, who originally called the island Los Barbados (""The Bearded Ones""), after the appearance of the island's fig trees, whose long hanging aerial roots resembled beards.Barbados was formally settled by the British in 1627. After several failed crops of cotton, sugarcane was introduced, and the colony established itself as a profitable plantation economy.The economy remained heavily dependent on sugar, rum and molasses production through most of the 20th century.",3,3,4,0,-2,0
ROUND-3-167-BOT,3,167,BOT,barbados,"Barbados is the eastern-most Caribbean island. Barbados is the eastern-most Caribbean island. The peaceful Arawaks and the more ferocious Caribs were the first inhabitants of Barbados. However, when English Captain, John Powell arrived in 1625, the island was uninhabited and as a result he claimed it for King James I of England.  In 1627, the first permanent settlers arrived from England, and it became an English and later British colony .Also Powell returned to Barbados in 1627 at the site which is now known as Holetown.",2,3,2,1,1,0
ROUND-3-167-SBHV4U,3,167,SBHV4U,barbados,"The island of Barbados is located at 13.4?N and 54.4?W and is situated in the western area of the North Atlantic Ocean and 100 kilometres east of the Windward Islands and the Caribbean Sea. The island is seen by most scientists as geologically unique as it was formed as a result of an amalgamation of two land masses over a period of many years. The peaceful Arawaks and the more ferocious Caribs were the first inhabitants of Barbados. However, when English Captain, John Powell arrived in 1625, the island was uninhabited and as a result he claimed it for King James I of England. Powell soon returned to England to put the necessary plans in place and subsequently returned to Barbados in February of 1627 at the site which is now known as Holetown.",3,3,5,0,0,0
ROUND-3-167-ZV1LFW,3,167,ZV1LFW,barbados,"Barbados is an island country which is located in the Lesser Antilles of the West Indies, in the Caribbean region of North America. Tourists like to visit Barbados for its nature and broad history. On the island you can find many beautiful waterfalls and landscapes. The main sight on the isalnd is Harrison's cave which was created thousands of years ago. Lucia's beach is a great place to go as welll. It is known for its white sands and clean tourquoise waters. History lovers like to visit the oldest church in barbados which was built in 1625 by the Englishmen that moved there and claimed Barbados for their king, Charles the third. There are many travel plans to follow in Barbados and each travel agenacy include accomodation for a very worthy price. For more details go to www.visit-babados.com",3,3,1,0,3,0
ROUND-4-167-DUMMY_1,4,167,DUMMY_1,barbados,"Barbados is the eastern-most Caribbean island. The island was created as a result of the collision of the Atlantic crustal and Caribbean plates.
Barbados original inhabitants were the Arawak Indians.
In 1625 Captain John Powell landed on Barbados and claimed the uninhabited island for England. Two years later 80 settlers and 10 slaves landed on Barbados and established the first European settlement, Jamestown, on the western coast at what is now Holetown.
Today, Barbados is a tourist destination known for its beachfront luxury resorts, nightlife, food, culture and shopping.",3,2,2,1,0,-1
ROUND-4-167-DUMMY_2,4,167,DUMMY_2,barbados,"Barbados has experienced several waves of human habitation.The first wave were of the Saladoid-Barrancoid group, farmers, fishermen, and ceramists who arrived by canoe from Venezuela's Orinoco Valley around 350 AD.The name ""Barbados"" comes from a Portuguese explorer named Pedro Campos in 1536, who originally called the island Los Barbados (""The Bearded Ones""), after the appearance of the island's fig trees, whose long hanging aerial roots resembled beards.Barbados was formally settled by the British in 1627. After several failed crops of cotton, sugarcane was introduced, and the colony established itself as a profitable plantation economy.The economy remained heavily dependent on sugar, rum and molasses production through most of the 20th century.",3,3,4,0,0,-2
ROUND-4-167-BOT,4,167,BOT,barbados,"Barbados is the eastern-most Caribbean island. Barbados is the eastern-most Caribbean island. The peaceful Arawaks and the more ferocious Caribs were the first inhabitants of Barbados. History lovers like to visit the oldest church in barbados which was built in 1625 by the Englishmen that moved there and claimed Barbados for their king, Charles the third.  In 1627, the first permanent settlers arrived from England, and it became an English and later British colony .Also Powell returned to Barbados in 1627 at the site which is now known as Holetown.",2,3,3,-1,0,0
ROUND-4-167-SBHV4U,4,167,SBHV4U,barbados,"The island of Barbados is located at 13.4?N and 54.4?W and is situated in the western area of the North Atlantic Ocean and 100 kilometres east of the Windward Islands and the Caribbean Sea. The island is seen by most scientists as geologically unique as it was formed as a result of an amalgamation of two land masses over a period of many years. The peaceful Arawaks and the more ferocious Caribs were the first inhabitants of Barbados. However, when English Captain, John Powell arrived in 1625, the island was uninhabited and as a result he claimed it for King James I of England. Powell soon returned to England to put the necessary plans in place and subsequently returned to Barbados in February of 1627 at the site which is now known as Holetown.",3,3,5,0,0,0
ROUND-4-167-ZV1LFW,4,167,ZV1LFW,barbados,"Barbados is an island country which is located in the Lesser Antilles of the West Indies, in the Caribbean region of North America. Tourists like to visit Barbados for its nature and broad history. On the island you can find many beautiful waterfalls and landscapes. The main sight on the isalnd is Harrison's cave which was created thousands of years ago. Lucia's beach is a great place to go as welll. It is known for its white sands and clean tourquoise waters. History lovers like to visit the oldest church in barbados which was built in 1625 by the Englishmen that moved there and claimed Barbados for their king, Charles the third. There are many travel plans to follow in Barbados and each travel agenacy include accomodation for a very worthy price. For more details go to www.visit-babados.com",3,3,1,0,0,3
